{"ARI": 0.8190716505577367, "NMI": 0.8284805799071004}