{"ARI": 0.7689029987191265, "NMI": 0.7769154292021263}