{"ARI": 0.7451457044661386, "NMI": 0.7586215643374525}