{"ARI": 0.28800655665437674, "NMI": 0.2900395239224296}