{"ARI": 0.6123421992917769, "NMI": 0.6609636215623444}