{"ARI": 0.6436526257327275, "NMI": 0.6878263098208455}