{"ARI": 0.06528756025262211, "NMI": 0.10969069799014784}