{"ARI": 0.660535946728613, "NMI": 0.6925178375237757}