{"ARI": 0.7429696346448331, "NMI": 0.7495746091670298}