{"ARI": 0.7679185783444223, "NMI": 0.7769297902139981}