{"ARI": 0.7510541492096866, "NMI": 0.7453947651536724}