{"ARI": 0.6928397944588862, "NMI": 0.7276827682576312}