{"ARI": 0.47886029651207296, "NMI": 0.47807172226761036}