{"ARI": 0.6295028929341779, "NMI": 0.6747434332977217}