{"ARI": 0.7991881393296688, "NMI": 0.8121570562796583}