{"ARI": 0.3683899151099202, "NMI": 0.3745537936850546}