{"ARI": 0.7916984686287556, "NMI": 0.8078241667105182}