{"ARI": 0.04928104181568764, "NMI": 0.055052094413958134}