{"ARI": 0.7956094544673789, "NMI": 0.8100355139870309}