{"ARI": 0.15693425442147696, "NMI": 0.16109292024450428}