{"ARI": 0.7174003181612437, "NMI": 0.7302438155342968}