{"ARI": -0.0005540316092971695, "NMI": 0.002885330845603364}